NOME,E-MAIL,TELEFONE
Elísio Nogueira,Elisio_Nogueira79@yahoo.com,(82) 39649-3707
Benjamin Pereira,Benjamin.Pereira55@live.com,(10) 44970-5063
Liz Moreira,Liz_Moreira@bol.com.br,(38) 82509-7634
Rafaela Barros,Rafaela_Barros@gmail.com,(71) 08372-4899
Sirineu Nogueira,Sirineu85@bol.com.br,(47) 83831-1068
Pedro Henrique Xavier,PedroHenrique.Xavier40@yahoo.com,(60) 98392-9277
Márcia Braga,Marcia.Braga@bol.com.br,(36) 70327-3195
Maria Helena Albuquerque,MariaHelena.Albuquerque@gmail.com,(61) 98402-8476
Ladislau Carvalho,Ladislau.Carvalho@gmail.com,(61) 87348-6602
Célia Pereira,Celia44@yahoo.com,(99) 85219-8889
Alícia Albuquerque,Alicia.Albuquerque@yahoo.com,(83) 96956-8601
Yango Santos,Yango_Santos52@gmail.com,(66) 43168-3459
Sirineu Costa,Sirineu_Costa35@yahoo.com,(81) 26362-2717
Víctor Costa,Victor40@gmail.com,(11) 27052-7721
Natália Batista,Natalia63@yahoo.com,(92) 29391-8823
Ana Luiza Souza,AnaLuiza.Souza77@yahoo.com,(87) 58876-3596
Roberta Melo,Roberta_Melo49@bol.com.br,(60) 21224-7311
Talita Albuquerque,Talita_Albuquerque54@gmail.com,(21) 20567-0032
Roberto Albuquerque,Roberto.Albuquerque@gmail.com,(87) 86906-3412
Anthony Martins,Anthony62@gmail.com,(86) 50597-0824
Maria Eduarda Reis,MariaEduarda46@bol.com.br,(66) 40455-8352
Maria Eduarda Santos,MariaEduarda_Santos@bol.com.br,(22) 38856-2147
Kléber Santos,Kleber60@gmail.com,(78) 56829-0125
Luiza Martins,Luiza_Martins90@gmail.com,(99) 95702-4976
Calebe Xavier,Calebe62@yahoo.com,(71) 66896-3435
Sirineu Martins,Sirineu_Martins@live.com,(42) 96474-5924
Márcia Batista,Marcia.Batista@live.com,(43) 41569-0785
César Barros,Cesar.Barros75@yahoo.com,(67) 10080-1599
Danilo Oliveira,Danilo20@yahoo.com,(74) 07277-3576
Núbia Silva,Nubia.Silva5@yahoo.com,(42) 55657-3280
César Santos,Cesar_Santos43@hotmail.com,(52) 69489-0122
Tertuliano Batista,Tertuliano_Batista2@yahoo.com,(86) 86520-8096
Ofélia Oliveira,Ofelia64@gmail.com,(50) 88809-6480
Bruna Oliveira,Bruna_Oliveira@hotmail.com,(11) 21337-5490
Frederico Oliveira,Frederico_Oliveira@hotmail.com,(75) 93866-3231
Maria Helena Souza,MariaHelena_Souza73@hotmail.com,(32) 66709-9114
Meire Martins,Meire_Martins@gmail.com,(50) 59256-7328
Ana Laura Carvalho,AnaLaura_Carvalho83@gmail.com,(92) 12108-6616
Laura Silva,Laura.Silva77@gmail.com,(60) 61593-6613
Eduardo Nogueira,Eduardo88@bol.com.br,(17) 71061-6236
Talita Carvalho,Talita_Carvalho20@bol.com.br,(38) 42462-6077
Helena Souza,Helena_Souza@bol.com.br,(26) 85092-9238
Lívia Franco,Livia_Franco63@gmail.com,(72) 05373-7376
Enzo Oliveira,Enzo.Oliveira77@gmail.com,(72) 46225-4134
Hélio Saraiva,Helio.Saraiva@bol.com.br,(85) 36383-2012
Eduarda Carvalho,Eduarda70@yahoo.com,(19) 75426-4943
Rafaela Nogueira,Rafaela_Nogueira92@hotmail.com,(50) 18158-6676
Cecília Batista,Cecilia20@hotmail.com,(13) 29910-9322
Tertuliano Oliveira,Tertuliano_Oliveira13@hotmail.com,(59) 41798-0445
Roberto Batista,Roberto8@bol.com.br,(08) 44061-6328
Gabriel Silva,Gabriel28@hotmail.com,(50) 97784-8484
Yago Oliveira,Yago_Oliveira@hotmail.com,(59) 35604-8264
Caio Batista,Caio.Batista10@gmail.com,(07) 74622-1839
Lucca Braga,Lucca55@yahoo.com,(83) 90879-6534
Fabrícia Costa,Fabricia65@bol.com.br,(06) 15072-4694
Felipe Macedo,Felipe42@live.com,(25) 39456-3102
Nicolas Barros,Nicolas.Barros46@yahoo.com,(86) 40113-5151
Hélio Saraiva,Helio_Saraiva@bol.com.br,(40) 55877-0121
Isis Santos,Isis_Santos@yahoo.com,(78) 72544-9376
Maria Eduarda Oliveira,MariaEduarda.Oliveira@bol.com.br,(06) 48662-8939
Alessandra Silva,Alessandra.Silva30@live.com,(23) 60712-4122
Maria Júlia Costa,MariaJulia_Costa@live.com,(24) 10329-0519
Felipe Santos,Felipe89@yahoo.com,(72) 84796-7329
Fábio Oliveira,Fabio86@bol.com.br,(51) 40691-8573
Anthony Moraes,Anthony.Moraes72@hotmail.com,(17) 87030-8231
Vitória Saraiva,Vitoria.Saraiva54@hotmail.com,(30) 10645-2839
Isabelly Barros,Isabelly.Barros2@hotmail.com,(89) 14675-3625
Matheus Macedo,Matheus.Macedo93@yahoo.com,(94) 06086-9939
Maria Alice Xavier,MariaAlice.Xavier29@bol.com.br,(29) 31081-9460
Marli Melo,Marli_Melo@hotmail.com,(00) 97058-5837
Marli Saraiva,Marli_Saraiva10@hotmail.com,(39) 27334-0611
Pietro Melo,Pietro_Melo14@yahoo.com,(65) 09220-0565
Joana Costa,Joana_Costa@hotmail.com,(64) 93197-0888
Rafael Souza,Rafael_Souza@gmail.com,(01) 04543-0218
Sarah Albuquerque,Sarah_Albuquerque@hotmail.com,(39) 46118-0601
Cecília Costa,Cecilia.Costa68@gmail.com,(62) 91610-8533
Isabelly Braga,Isabelly.Braga14@gmail.com,(45) 45591-2985
Mércia Martins,Mercia_Martins85@live.com,(27) 81575-2899
Víctor Moreira,Victor3@yahoo.com,(71) 00653-0303
Ana Júlia Carvalho,AnaJulia_Carvalho40@hotmail.com,(73) 49769-0758
Pedro Moreira,Pedro_Moreira@yahoo.com,(08) 02102-2412
Maria Cecília Carvalho,MariaCecilia.Carvalho@gmail.com,(74) 30276-3383
Benício Pereira,Benicio.Pereira@yahoo.com,(99) 07334-8020
Maria Cecília Barros,MariaCecilia.Barros96@hotmail.com,(17) 83718-5373
Samuel Martins,Samuel.Martins27@bol.com.br,(75) 84751-5613
Sílvia Silva,Silvia78@bol.com.br,(51) 11522-9064
Silas Souza,Silas.Souza21@gmail.com,(15) 66023-1665
Antônio Moraes,Antonio.Moraes@live.com,(91) 86854-7402
Marcos Albuquerque,Marcos_Albuquerque@yahoo.com,(99) 44169-2747
Vitor Costa,Vitor.Costa@gmail.com,(45) 14223-0233
Carlos Souza,Carlos_Souza@hotmail.com,(26) 97991-0996
Emanuel Martins,Emanuel_Martins@gmail.com,(15) 16242-7391
Marcos Moraes,Marcos50@hotmail.com,(25) 84991-2640
Roberto Macedo,Roberto65@yahoo.com,(41) 30376-8409
Feliciano Moreira,Feliciano55@hotmail.com,(66) 31563-2858
Elísio Silva,Elisio_Silva15@live.com,(50) 43673-2607
Cecília Reis,Cecilia.Reis@gmail.com,(16) 55804-9078
Nataniel Santos,Nataniel_Santos@hotmail.com,(07) 92646-6308
Matheus Martins,Matheus38@gmail.com,(21) 33318-1950
Calebe Albuquerque,Calebe.Albuquerque@hotmail.com,(88) 69902-2833
